Star,FileName,RAdeg,DEdeg,Dist,Rad,Rad-Flame,Mass-Flame
OGLEII DIA BUL-SC33 4149,xsl_spectrum_X0185_merged_ncl_ncge.fits,271.4152672153,-28.50788354641,680.9846,0.349,,
OGLEII DIA BUL-SC33 4149,xsl_spectrum_X0185_merged_ncl_ncge.fits,271.41383548215,-28.50668995208,749.3267,0.5973,,
OGLEII DIA BUL-SC36 2158,xsl_spectrum_X0186_merged_ncl_ncge.fits,271.4686555991,-28.19431615909,1077.4468,1.4727,1.4879,0.886
HD 165438,xsl_spectrum_X0233_merged.fits,271.56395875304,-4.75139115998,36.0836,3.7138,3.6348,1.151
OGLEII DIA BUL-SC19 2302,xsl_spectrum_X0188_merged_ncl.fits,271.89667586108,-27.25955180131,4076.52,151.3544,147.4308,8.207
OGLEII DIA BUL-SC19 2302,xsl_spectrum_X0188_merged_ncl.fits,271.89756826943,-27.25906682231,735.1342,1.2531,1.2091,
HD 165887,xsl_spectrum_X0469_merged.fits,272.03021579871,2.21863557258,116.1823,2.5007,2.528,2.104
2MASS J18080765-3142020,xsl_spectrum_X0191_merged_ncl.fits,272.03189299566,-31.70062084944,4607.3599,107.555,108.6278,5.416
2MASS J18080765-3142020,xsl_spectrum_X0191_merged_ncl.fits,272.03218335606,-31.69957175266,1123.2706,1.1048,1.7451,0.953
2MASS J18092055-3147006,xsl_spectrum_X0426_merged.fits,272.33556999056,-31.78341641747,2343.6079,3.8798,4.0525,1.051
2MASS J18092055-3147006,xsl_spectrum_X0426_merged.fits,272.33481358626,-31.784533776,975.8648,0.4352,,
2MASS J18092323-3141039,xsl_spectrum_X0419_merged.fits,272.34677669233,-31.68444297971,2243.6138,3.9649,3.7642,1.471
2MASS J18092323-3141039,xsl_spectrum_X0419_merged.fits,272.34723471474,-31.68536494128,1257.311,0.4074,,
2MASS J18093159-3150397,xsl_spectrum_X0406_merged_scl.fits,272.38160724205,-31.84436870542,4455.6763,8.6885,8.2048,1.261
2MASS J18093159-3150397,xsl_spectrum_X0427_merged.fits,272.38160724205,-31.84436870542,4455.6763,8.6885,8.2048,1.261
2MASS J18093344-3145250,xsl_spectrum_X0652_merged.fits,272.38932744911,-31.75698243382,2484.8376,4.5212,4.3579,1.06
OGLE 204664c4?,xsl_spectrum_X0660_merged.fits,272.39157601464,-31.64830363666,2229.0117,4.1516,3.9051,1.001
HD 166161,xsl_spectrum_X0449_merged.fits,272.41907098919,-8.78017813436,190.7273,7.0794,7.4324,2.759
OGLEII DIA BUL-SC16 1428,xsl_spectrum_X0168_merged_ncl_ncge.fits,272.62308484143,-26.48336204573,5670.8394,309.8353,,
OGLEII DIA BUL-SC16 1428,xsl_spectrum_X0168_merged_ncl_ncge.fits,272.62217049068,-26.48431159596,1018.2602,1.6282,,
HD 166991,xsl_spectrum_X0450_merged.fits,273.26594920779,2.98058027342,110.4102,1.9272,1.9332,2.242
OGLEII DIA BUL-SC13 0324,xsl_spectrum_X0296_merged_ncge.fits,274.19797269143,-24.34234119819,3799.792,122.2372,,
HD 167946,xsl_spectrum_X0460_merged.fits,274.30983029025,5.75351261123,186.8933,2.2636,2.2283,2.596
RY CrA,xsl_spectrum_X0368_merged_ncl.fits,275.4919806762,-44.89988033941,1489.4203,89.5848,,
RY CrA,xsl_spectrum_X0428_merged.fits,275.4919806762,-44.89988033941,1489.4203,89.5848,,
HD 169032,xsl_spectrum_X0461_merged.fits,275.6125559206,7.22629438404,365.948,4.6785,4.883,3.135
OGLEII DIA BUL-SC08 1687,xsl_spectrum_X0218_merged_ncl_ncge.fits,275.83521032683,-21.59742544661,1707.0385,2.6957,2.6904,0.98
HD 170413,xsl_spectrum_X0481_merged.fits,277.31866244779,0.32303662981,226.3198,10.6688,10.8394,2.802
HD 170756,xsl_spectrum_X0300_merged.fits,277.56765147593,21.86682949604,1402.536,57.9296,,
HD 170783,xsl_spectrum_X0470_merged.fits,277.76852823163,4.6269140424,612.5477,7.0651,6.1792,4.501
HD 170899,xsl_spectrum_X0641_merged.fits,277.85904065157,8.02724966367,375.822,22.7394,27.0646,4.201
HD 171234,xsl_spectrum_X0648_merged.fits,278.38226713116,1.90358235166,163.0291,1.9141,1.9343,2.41
HD 171367,xsl_spectrum_X0678_merged.fits,278.60490896824,3.83055482265,259.0596,14.1732,14.1947,3.301
2MASS J18351420-3438060,xsl_spectrum_X0698_merged.fits,278.80917957099,-34.63503457685,13247.0869,27.5418,26.0769,2.704
2MASS J18351799-3428093,xsl_spectrum_X0139_merged.fits,278.82608576894,-34.47011925537,2371.3582,0.5068,,
2MASS J18352206-3429112,xsl_spectrum_X0138_merged.fits,278.84189934077,-34.48646971064,3064.0305,6.9104,6.942,2.355
2MASS J18352206-3429112,xsl_spectrum_X0138_merged.fits,278.84264056623,-34.48739370398,4210.9478,13.4919,12.6427,2.903
2MASS J18352834-3444085,xsl_spectrum_X0151_merged.fits,278.86815351388,-34.73572307713,3274.8853,5.9327,5.9497,2.28
2MASS J18352834-3444085,xsl_spectrum_X0171_merged.fits,278.86815351388,-34.73572307713,3274.8853,5.9327,5.9497,2.28
2MASS J18355679-3434481,xsl_spectrum_X0137_merged.fits,278.98662135664,-34.58006610935,4589.2378,11.6294,11.5599,2.504
HD 171496,xsl_spectrum_X0715_merged.fits,279.03118014749,-24.43646189265,245.2672,8.6297,8.423,2.676
HD 171496,xsl_spectrum_X0716_merged.fits,279.03118014749,-24.43646189265,245.2672,8.6297,8.423,2.676
HD 171496,xsl_spectrum_X0717_merged.fits,279.03118014749,-24.43646189265,245.2672,8.6297,8.423,2.676
HD 172230,xsl_spectrum_X0161_merged.fits,279.72897875588,6.27083329214,196.8457,3.9734,3.8431,2.3
HD 172365,xsl_spectrum_X0680_merged.fits,279.90366917377,5.264302101,487.248,31.1063,33.6997,5.375
HD 172472,xsl_spectrum_X0471_merged.fits,280.01783500581,7.76289093057,690.9521,36.1999,37.4341,5.189
HD 172506,xsl_spectrum_X0654_merged.fits,280.13026976939,2.68437499928,123.2139,1.9926,1.9936,1.579
HD 173073,xsl_spectrum_X0657_merged.fits,280.86004080742,3.78552699817,236.4249,3.1067,3.078,2.575
HD 173369,xsl_spectrum_X0472_merged.fits,281.15586899023,7.97768694726,184.8638,2.2648,2.062,1.824
HD 173669,xsl_spectrum_X0656_merged.fits,281.58184766489,5.15306824232,254.0207,2.6244,2.9445,2.72
G021-024,xsl_spectrum_X0663_merged.fits,281.86295511752,-3.64105545531,14.2699,0.6835,0.6951,
HD 174240,xsl_spectrum_X0163_merged.fits,282.40503192505,0.83612487277,178.1386,3.7402,3.6535,3.0
HD 174866,xsl_spectrum_X0645_merged.fits,283.25764540554,-9.5754539362,92.6642,2.2438,2.2626,2.495
HD 174966,xsl_spectrum_X0164_merged.fits,283.28263479821,1.75555397976,130.8319,2.0673,2.0589,1.732
HD 174966,xsl_spectrum_X0220_merged.fits,283.28263479821,1.75555397976,130.8319,2.0673,2.0589,1.732
HD 174966,xsl_spectrum_X0283_merged.fits,283.28263479821,1.75555397976,130.8319,2.0673,2.0589,1.732
HD 175181,xsl_spectrum_X0664_merged.fits,283.6164760402,-5.95767603262,244.8613,12.4632,12.5992,3.101
HD 175376,xsl_spectrum_X0667_merged.fits,283.8402390604,-5.14112268303,199.591,12.0585,11.1854,1.371
HD 175545,xsl_spectrum_X0165_merged.fits,283.96446511508,-0.73991494038,119.6938,7.3388,7.4303,1.241
HD 175640,xsl_spectrum_X0221_merged.fits,284.09440368973,-1.79994806359,159.2362,2.8167,2.8177,3.28
HD 175640,xsl_spectrum_X0294_merged.fits,284.09440368973,-1.79994806359,159.2362,2.8167,2.8177,3.28
HD 175805,xsl_spectrum_X0222_merged.fits,284.24206498678,2.46163507286,115.3976,2.7476,2.7466,1.552
HD 175805,xsl_spectrum_X0295_merged.fits,284.24206498678,2.46163507286,115.3976,2.7476,2.7466,1.552
HD 175892,xsl_spectrum_X0666_merged.fits,284.60348639948,-22.52943874788,87.6666,2.0549,2.0713,2.212
HD 176698,xsl_spectrum_X0473_merged.fits,285.36219093108,1.28844581511,237.3145,10.5421,10.8251,2.901
HD 176851,xsl_spectrum_X0451_merged.fits,285.6008026077,-5.54669738833,215.2117,4.3204,4.3089,2.158
HD 179315,xsl_spectrum_X0452_merged.fits,287.99653924734,4.3548290869,986.7684,64.8243,55.2713,5.764
HD 180086,xsl_spectrum_X0475_merged.fits,288.8429546462,-6.04971783969,103.688,2.9882,2.9957,1.912
GJ 752B,xsl_spectrum_X0209_merged.fits,289.23961563894,5.14979696551,893.8779,0.5258,0.5147,
GJ 752B,xsl_spectrum_X0209_merged.fits,289.24085200314,5.14993251388,3791.0139,10.1637,10.4047,1.862
CD-24 15398,xsl_spectrum_X0421_merged.fits,293.08657242246,-23.85378834721,699.4752,5.0522,5.2885,2.181
HD 184571,xsl_spectrum_X0679_merged.fits,293.75742744529,4.31125946945,177.2856,4.3199,4.4228,2.067
HD 185094,xsl_spectrum_X0668_merged.fits,294.43226301162,-5.06185329956,78.0542,1.5838,1.593,1.423
HD 232078,xsl_spectrum_X0210_merged.fits,294.55034068809,16.80697367292,1023.1874,100.7271,,
HD 232078,xsl_spectrum_X0273_merged.fits,294.55034068809,16.80697367292,1023.1874,100.7271,,
NGC 6838 1078,xsl_spectrum_X0494_merged.fits,298.40490897457,18.78893891009,2753.0908,21.3364,26.1343,3.801
NGC 6838 1078,xsl_spectrum_X0748_merged.fits,298.40490897457,18.78893891009,2753.0908,21.3364,26.1343,3.801
NGC 6838 1073,xsl_spectrum_X0735_merged.fits,298.42723411918,18.78565843239,3142.8301,6.1309,5.5167,2.181
NGC 6838 1073,xsl_spectrum_X0735_merged.fits,298.4263630768,18.78567372468,1603.6826,0.9103,0.8408,0.802
NGC 6838 1073,xsl_spectrum_X0762_merged_scl.fits,298.42723411918,18.78565843239,3142.8301,6.1309,5.5167,2.181
NGC 6838 1073,xsl_spectrum_X0762_merged_scl.fits,298.4263630768,18.78567372468,1603.6826,0.9103,0.8408,0.802
NGC 6838 1071,xsl_spectrum_X0734_merged.fits,298.43241565154,18.79153696268,1445.4709,0.5366,,
NGC 6838 1071,xsl_spectrum_X0734_merged.fits,298.43097362182,18.79275395477,2813.2773,0.9281,,
NGC 6838 1066,xsl_spectrum_X0718_merged.fits,298.43853777581,18.78205144809,6278.52,43.0754,28.1315,3.189
NGC 6838 1066,xsl_spectrum_X0719_merged.fits,298.43853777581,18.78205144809,6278.52,43.0754,28.1315,3.189
NGC 6838 1066,xsl_spectrum_X0720_merged.fits,298.43853777581,18.78205144809,6278.52,43.0754,28.1315,3.189
NGC 6838 1063,xsl_spectrum_X0713_merged.fits,298.44401267516,18.7956165226,4744.9058,20.5993,16.1622,2.993
NGC 6838 1063,xsl_spectrum_X0714_merged.fits,298.44401267516,18.7956165226,4744.9058,20.5993,16.1622,2.993
NGC 6838 1037,xsl_spectrum_X0491_merged.fits,298.45005659897,18.78573182899,2658.3391,7.922,12.3208,2.997
NGC 6838 1037,xsl_spectrum_X0704_merged.fits,298.45005659897,18.78573182899,2658.3391,7.922,12.3208,2.997
NGC 6838 1037,xsl_spectrum_X0705_merged.fits,298.45005659897,18.78573182899,2658.3391,7.922,12.3208,2.997
NGC 6838 1039,xsl_spectrum_X0389_merged.fits,298.45308560108,18.78817459739,2975.3687,5.8745,7.2673,2.482
NGC 6838 1039,xsl_spectrum_X0389_merged.fits,298.45441614611,18.78810825421,1632.1183,0.5582,0.4558,
NGC 6838 1039,xsl_spectrum_X0389_merged.fits,298.45396284689,18.78716269825,2559.4526,5.4518,6.9235,2.298
NGC 6838 1039,xsl_spectrum_X0706_merged_scl.fits,298.45308560108,18.78817459739,2975.3687,5.8745,7.2673,2.482
NGC 6838 1039,xsl_spectrum_X0706_merged_scl.fits,298.45441614611,18.78810825421,1632.1183,0.5582,0.4558,
NGC 6838 1039,xsl_spectrum_X0706_merged_scl.fits,298.45396284689,18.78716269825,2559.4526,5.4518,6.9235,2.298
NGC 6838 1053,xsl_spectrum_X0712_merged.fits,298.46098794937,18.81874662946,3965.6819,31.9538,32.0478,4.601
NGC 6838 1053,xsl_spectrum_X0712_merged.fits,298.46212707626,18.81943328496,4888.2666,10.2492,9.6502,2.975
CL* NGC 6838 AH A2,xsl_spectrum_X0408_merged.fits,298.47579462012,18.75907262865,4133.4302,9.7691,11.5439,2.901
CL* NGC 6838 AH A2,xsl_spectrum_X0681_merged.fits,298.47579462012,18.75907262865,4133.4302,9.7691,11.5439,2.901
CL* NGC 6838 AH A2,xsl_spectrum_X0701_merged_scl.fits,298.47579462012,18.75907262865,4133.4302,9.7691,11.5439,2.901
G024-003,xsl_spectrum_X0480_merged.fits,301.43405849057,4.04725762139,130.3242,0.9382,0.94,
HD 345957,xsl_spectrum_X0213_merged.fits,302.69984757933,23.96542265615,109.3881,1.6638,1.6626,1.161
HD 191709,xsl_spectrum_X0671_merged.fits,302.82870173111,-0.12658086302,124.3561,3.433,3.3709,1.856
HD 193225,xsl_spectrum_X0483_merged.fits,304.75300582227,2.23340757129,86.8475,1.7212,1.7225,1.539
HD 193281,xsl_spectrum_X0194_merged_scl.fits,305.11616562355,-29.19721428436,162.2406,3.1087,3.155,2.776
HD 193281,xsl_spectrum_X0267_merged.fits,305.11616562355,-29.19721428436,162.2406,3.1087,3.155,2.776
HD 193896,xsl_spectrum_X0195_merged.fits,305.75340202625,-9.65478358283,183.7209,13.6809,13.4153,3.193
HD 193896,xsl_spectrum_X0297_merged.fits,305.75340202625,-9.65478358283,183.7209,13.6809,13.4153,3.193
HD 194453,xsl_spectrum_X0196_merged.fits,306.35596048179,6.6417927872,188.7418,2.9502,3.0796,2.835
HD 194453,xsl_spectrum_X0288_merged.fits,306.35596048179,6.6417927872,188.7418,2.9502,3.0796,2.835
HD 195729,xsl_spectrum_X0695_merged.fits,308.2371289763,2.42747359271,190.1584,2.3123,2.308,2.375
HD 196125,xsl_spectrum_X0673_merged.fits,308.8623030639,-2.05147319365,138.6776,2.352,2.3338,1.74
HD 196218,xsl_spectrum_X0696_merged.fits,308.92800170278,3.30259101513,55.3921,1.4826,1.4873,1.203
HD 196426,xsl_spectrum_X0199_merged.fits,309.32660986556,0.09690358303,183.0778,3.6312,3.4177,3.57
HD 196426,xsl_spectrum_X0289_merged.fits,309.32660986556,0.09690358303,183.0778,3.6312,3.4177,3.57
CD-30 18140,xsl_spectrum_X0682_merged.fits,311.02756632701,-30.00250628176,146.0025,0.3244,0.3217,
HD 200081,xsl_spectrum_X0177_merged.fits,315.34340248054,-2.51404188036,275.6224,8.7316,9.4012,2.697
HD 200081,xsl_spectrum_X0292_merged.fits,315.34340248054,-2.51404188036,275.6224,8.7316,9.4012,2.697
HD 200494,xsl_spectrum_X0438_merged.fits,315.91316699339,2.92636506994,136.8553,8.484,8.4981,1.373
HD 201053,xsl_spectrum_X0436_merged.fits,316.77061451849,5.4434541595,173.0141,10.4143,10.3944,2.501
HD 201237,xsl_spectrum_X0721_merged.fits,317.17309964293,-19.99585516759,54.1606,0.8123,0.811,
HD 201237,xsl_spectrum_X0722_merged.fits,317.17309964293,-19.99585516759,54.1606,0.8123,0.811,
HD 201237,xsl_spectrum_X0723_merged.fits,317.17309964293,-19.99585516759,54.1606,0.8123,0.811,
HD 201377,xsl_spectrum_X0433_merged.fits,317.31698882332,-0.23494053553,101.4386,1.9544,1.963,2.372
HD 201626,xsl_spectrum_X0197_merged_ncge.fits,317.4967464001,26.61540602136,267.5151,9.8857,11.2553,3.003
HD 201626,xsl_spectrum_X0274_merged.fits,317.4967464001,26.61540602136,267.5151,9.8857,11.2553,3.003
G187-40,xsl_spectrum_X0198_merged.fits,320.49163509022,27.45356629632,105.4852,0.7613,0.7646,
G187-40,xsl_spectrum_X0198_merged.fits,320.49016617326,27.451542884,1345.4694,0.9233,0.8759,
HD 204155,xsl_spectrum_X0179_merged.fits,321.67951211271,5.44054408791,75.0626,1.3844,1.385,1.031
HD 204155,xsl_spectrum_X0275_merged.fits,321.67951211271,5.44054408791,75.0626,1.3844,1.385,1.031
NGC 7078 1079,xsl_spectrum_X0388_merged.fits,322.56523184861,12.13970508254,4408.1763,10.449,10.3983,3.077
G188-22,xsl_spectrum_X0176_merged.fits,325.986826084,27.38928479156,131.4424,1.1162,1.1135,1.081
HD 207222,xsl_spectrum_X0730_merged.fits,326.73446710435,21.29740046389,253.0569,1.8505,1.8709,2.274
HD 207222,xsl_spectrum_X0731_merged.fits,326.73446710435,21.29740046389,253.0569,1.8505,1.8709,2.274
HD 207222,xsl_spectrum_X0732_merged.fits,326.73446710435,21.29740046389,253.0569,1.8505,1.8709,2.274
G018-039,xsl_spectrum_X0445_merged.fits,334.65338103134,8.44536883141,155.3371,1.0939,1.1002,1.193
HD 214080,xsl_spectrum_X0443_merged.fits,339.02683262267,-16.38806946533,1357.3843,10.6567,,
HD 215578,xsl_spectrum_X0787_merged.fits,341.49355948926,19.2502992589,215.1299,9.4243,10.3461,2.7
HD 215578,xsl_spectrum_X0788_merged.fits,341.49355948926,19.2502992589,215.1299,9.4243,10.3461,2.7
HD 215578,xsl_spectrum_X0789_merged.fits,341.49355948926,19.2502992589,215.1299,9.4243,10.3461,2.7
HD 216219,xsl_spectrum_X0216_merged.fits,342.71750310696,18.0021707019,116.705,3.5385,3.0946,1.568
HD 216219,xsl_spectrum_X0278_merged.fits,342.71750310696,18.0021707019,116.705,3.5385,3.0946,1.568
HD 218502,xsl_spectrum_X0414_merged.fits,347.16453506592,-15.05459038933,74.2925,1.3426,1.3383,1.188
HD 218857,xsl_spectrum_X0415_merged.fits,347.85224290182,-16.25154280253,327.0633,6.0498,6.405,2.484
HD 221170,xsl_spectrum_X0442_merged.fits,352.36995082918,30.43249683133,520.0583,25.6366,25.9371,4.575
HD 221149,xsl_spectrum_X0749_merged.fits,352.40145792399,-6.83577154549,112.3687,2.2301,2.226,1.281
GJ 768.1 B,xsl_spectrum_MD017_merged_scl.fits,297.75402804849,10.41055394679,19.3478,0.376,0.3771,
G 143-35,xsl_spectrum_MD018_merged_scl.fits,302.80405768606,16.18644996418,893.7136,0.7709,0.7459,0.724
V* V645 Cen,xsl_spectrum_MD021_merged_scl.fits,217.39988636638,-62.67591033731,675.5271,0.7427,,
HD 115404B,xsl_spectrum_MD023_merged_ncl_ncge.fits,199.21782799374,17.01546367446,11.0131,0.6024,0.5982,
HD 1638,xsl_spectrum_X0023_merged.fits,5.11805879823,-30.55558275021,714.071,26.4289,30.2392,4.601
HD 1638,xsl_spectrum_X0180_merged.fits,5.11805879823,-30.55558275021,714.071,26.4289,30.2392,4.601
HD 1638,xsl_spectrum_X0258_merged.fits,5.11805879823,-30.55558275021,714.071,26.4289,30.2392,4.601
HD 1638,xsl_spectrum_X0286_merged.fits,5.11805879823,-30.55558275021,714.071,26.4289,30.2392,4.601
CL* NGC 121 T V8,xsl_spectrum_X0385_merged_ncge.fits,6.70220892977,-71.54735912977,11709.2383,16.5253,,
CL* NGC 121 T V1,xsl_spectrum_X0411_merged.fits,6.73522319682,-71.53546206669,6414.4814,13.3109,21.0274,3.196
CL* NGC 121 T V1,xsl_spectrum_X0411_merged.fits,6.73917308686,-71.53571580595,1364.9915,0.6404,,
HD 2796,xsl_spectrum_X0418_merged.fits,7.82047265598,-16.79489157956,678.7642,16.6971,15.1953,3.875
ISO-MCMS J004900.4-732224,xsl_spectrum_X0001_merged_ncl.fits,12.25136001613,-73.37328667731,5067.4048,14.6624,,
ISO-MCMS J004900.4-732224,xsl_spectrum_X0001_merged_ncl.fits,12.25082735208,-73.37424043744,3677.9768,0.7866,,
ISO-MCMS J004932.4-731753,xsl_spectrum_X0002_merged_ncl.fits,12.38597834208,-73.29790834323,23783.7227,102.6659,54.6374,5.193
ISO-MCMS J004950.3-731116,xsl_spectrum_X0003_merged_scl.fits,12.45891221573,-73.18792664064,2224.1016,4.4176,50.0592,3.76
ISO-MCMS J004950.3-731116,xsl_spectrum_X0003_merged_scl.fits,12.46159774916,-73.18879583789,2681.2722,0.6124,,
ISO-MCMS J005059.4-731914,xsl_spectrum_X0009_merged_ncl.fits,12.74721018454,-73.32042523134,4711.3623,12.2965,,
ISO-MCMS J005059.4-731914,xsl_spectrum_X0009_merged_ncl.fits,12.7470745293,-73.32168181838,15738.2402,1.0279,,
CL* NGC 288 OCH 531,xsl_spectrum_X0756_merged.fits,13.17138688129,-26.55752946286,12052.1152,148.7346,,
CL* NGC 288 OCH 531,xsl_spectrum_X0767_merged.fits,13.17138688129,-26.55752946286,12052.1152,148.7346,,
ISO-MCMS J005314.8-730601,xsl_spectrum_X0030_merged_ncl.fits,13.31112675165,-73.10028785042,6307.2212,16.4146,25.3115,2.46
ISO-MCMS J005332.4-730501,xsl_spectrum_X0031_merged_scl.fits,13.38652181846,-73.08284675651,6593.6392,13.5817,14.4069,2.803
ISO-MCMS J005531.0-731018,xsl_spectrum_X0039_merged_ncl.fits,13.87881752472,-73.17194960127,11995.8223,73.5306,74.277,4.913
ISO-MCMS J005531.0-731018,xsl_spectrum_X0039_merged_ncl.fits,13.88098134496,-73.17270682829,2540.6418,0.4986,,
CL* NGC 330 ROB A3,xsl_spectrum_X0754_merged_scl.fits,14.09041556427,-72.45996110918,9587.4805,26.2633,,
CL* NGC 330 ROB A3,xsl_spectrum_X0755_merged.fits,14.09041556427,-72.45996110918,9587.4805,26.2633,,
ISO-MCMS J005622.2-730334,xsl_spectrum_X0026_merged_scl.fits,14.09505426292,-73.05943323596,7500.0332,19.1367,,
ISO-MCMS J005644.8-731436,xsl_spectrum_X0040_merged_ncl.fits,14.18664146013,-73.24299465935,20962.5,92.0661,79.4517,5.388
ISO-MCMS J005712.2-730704,xsl_spectrum_X0013_merged_ncl.fits,14.3006418664,-73.11798020705,5488.0527,26.9832,29.6,3.603
ISO-MCMS J005714.4-730121,xsl_spectrum_X0020_merged.fits,14.31031443403,-73.02264995261,14600.7871,459.5646,,
ISO-MCMS J005716.5-731052,xsl_spectrum_X0017_merged_ncl.fits,14.32341797107,-73.18126254088,2342.8799,0.5638,,
HV 12149,xsl_spectrum_X0759_merged_ncl.fits,14.70913218318,-72.30987151607,7678.8022,273.4395,,
HD 5857,xsl_spectrum_X0526_merged.fits,15.06562937621,18.19869533271,163.7486,8.9094,8.868,2.702
ISO-MCMS J010031.5-730724,xsl_spectrum_X0018_merged_ncl.fits,15.13135967418,-73.12326735654,12627.6953,27.7716,,
ISO-MCMS J010031.5-730724,xsl_spectrum_X0018_merged_ncl.fits,15.13400641125,-73.12382683073,1885.3647,0.461,,
ISO-MCMS J010031.5-730724,xsl_spectrum_X0018_merged_ncl.fits,15.12997803623,-73.12200921658,2306.8936,0.467,,
CL* NGC 371 LE 31,xsl_spectrum_X0505_merged_ncl.fits,15.44193512472,-72.13192652743,27679.0117,1.8769,,
[M2002] SMC 52334,xsl_spectrum_X0006_merged.fits,15.4757886127,-71.87185814038,6843.7441,77.9235,,
[M2002] SMC 55188,xsl_spectrum_X0004_merged.fits,15.76024726857,-72.031395267,4960.3906,73.6007,,
CL* NGC 419 LE 27,xsl_spectrum_X0512_merged_ncl.fits,17.08606242081,-72.88113363289,4670.3193,15.8096,,
BBB SMC 148,xsl_spectrum_X0506_merged.fits,17.32453172025,-72.76169163354,20663.3535,134.6718,,
HD 9356,xsl_spectrum_X0770_merged.fits,23.03410433408,1.3415337062,577.8122,5.003,5.2871,2.321
HD 9356,xsl_spectrum_X0775_merged.fits,23.03410433408,1.3415337062,577.8122,5.003,5.2871,2.321
HE 0146-1548,xsl_spectrum_X0760_merged.fits,27.14467056356,-15.55681644082,7478.333,8.2018,7.4182,2.251
HD 14625,xsl_spectrum_X0559_merged.fits,35.41837903024,-0.14866778832,186.6337,10.0002,9.9959,2.802
HD 14938,xsl_spectrum_X0529_merged.fits,36.09737800314,-3.10452430275,57.8066,1.7944,1.7917,1.192
HD 16031,xsl_spectrum_X0065_merged.fits,38.54630920652,-12.38510931572,120.7071,1.0874,1.0917,1.192
HD 16232,xsl_spectrum_X0793_merged.fits,39.24129515303,24.64800884963,44.3601,1.3565,1.3506,1.167
HD 16456,xsl_spectrum_X0782_merged.fits,39.27457566608,-42.96330893741,459.0588,4.523,4.5256,2.261
HD 17072,xsl_spectrum_X0042_merged_scl.fits,40.16786880531,-69.23305844033,145.1665,7.2551,7.2616,2.566
HD 17072,xsl_spectrum_X0089_merged.fits,40.16786880531,-69.23305844033,145.1665,7.2551,7.2616,2.566
BD+09 0352,xsl_spectrum_X0795_merged.fits,40.30820779975,9.76995823794,158.2222,1.2918,1.2924,1.115
HD 18769,xsl_spectrum_X0073_merged.fits,45.47551741922,26.46237697621,69.9658,2.0366,1.98,1.881
HD 19019,xsl_spectrum_X0071_merged.fits,45.9627666464,6.13352285232,31.2337,1.0994,1.0968,1.078
HD 19787,xsl_spectrum_X0084_merged_scl.fits,47.90808720855,19.72664828435,49.2887,10.2607,10.2857,2.703
HD 20619,xsl_spectrum_X0546_merged.fits,49.75902219538,-2.84364025533,23.9799,0.9079,0.9129,0.991
HD 23924,xsl_spectrum_X0794_merged.fits,57.4206047634,23.34136964836,137.3378,1.5785,1.5728,1.658
HD 25532,xsl_spectrum_X0547_merged.fits,61.04631917148,23.40701434029,275.1362,6.9012,7.1972,2.665
HD 27295,xsl_spectrum_X0081_merged_scl.fits,64.85887727128,21.14211470952,88.9412,2.1351,2.0282,2.798
HD 27295,xsl_spectrum_X0313_merged.fits,64.85887727128,21.14211470952,88.9412,2.1351,2.0282,2.798
HD 27771,xsl_spectrum_X0558_merged.fits,65.88522390285,14.6703984479,46.5725,0.8723,0.8704,0.815
HD 29391,xsl_spectrum_X0082_merged_scl.fits,69.40074849308,-2.47383338363,30.1045,1.5529,1.5541,1.512
HD 29391,xsl_spectrum_X0306_merged_scl.fits,69.40074849308,-2.47383338363,30.1045,1.5529,1.5541,1.512
HD 29391,xsl_spectrum_X0311_merged_scl.fits,69.40074849308,-2.47383338363,30.1045,1.5529,1.5541,1.512
HD 30328,xsl_spectrum_X0772_merged.fits,71.68724575743,2.70059618874,416.1255,11.9048,12.1381,3.102
SHV 0448341-691510,xsl_spectrum_X0783_merged.fits,72.08410003577,-69.16733979284,3766.3513,11.5457,11.5175,2.504
SHV 0448341-691510,xsl_spectrum_X0784_merged_ncl.fits,72.08410003577,-69.16733979284,3766.3513,11.5457,11.5175,2.504
SHV 0448341-691510,xsl_spectrum_X0785_merged_ncl_ncge.fits,72.08410003577,-69.16733979284,3766.3513,11.5457,11.5175,2.504
HD 30743,xsl_spectrum_X0796_merged.fits,72.42546512715,-13.77043439588,36.1856,1.5699,1.574,1.27
SHV 0452361-683928,xsl_spectrum_X0045_merged_ncl.fits,73.1129329174,-68.57617766903,9702.0049,0.9011,,
SHV 0452361-683928,xsl_spectrum_X0181_merged_ncl.fits,73.1129329174,-68.57617766903,9702.0049,0.9011,,
SHV 0452361-683928,xsl_spectrum_X0259_merged_ncl.fits,73.1129329174,-68.57617766903,9702.0049,0.9011,,
SHV 0501215-680112,xsl_spectrum_X0046_merged_ncl.fits,75.31407939543,-67.94965126019,2872.8313,9.3375,,
SHV 0501215-680112,xsl_spectrum_X0046_merged_ncl.fits,75.31592002016,-67.9492112255,2147.0583,0.4951,,
SHV 0501215-680112,xsl_spectrum_X0182_merged_ncl.fits,75.31407939543,-67.94965126019,2872.8313,9.3375,,
SHV 0501215-680112,xsl_spectrum_X0182_merged_ncl.fits,75.31592002016,-67.9492112255,2147.0583,0.4951,,
SHV 0501215-680112,xsl_spectrum_X0261_merged_ncl.fits,75.31407939543,-67.94965126019,2872.8313,9.3375,,
SHV 0501215-680112,xsl_spectrum_X0261_merged_ncl.fits,75.31592002016,-67.9492112255,2147.0583,0.4951,,
SHV 0502469-692418,xsl_spectrum_X0516_merged.fits,75.62040423737,-69.33606659816,4908.1274,19.6501,84.4147,5.202
HD 271018,xsl_spectrum_X0518_merged.fits,76.80910183597,-66.05511924784,20629.6895,101.8932,,
[PHS2008] RGB 512,xsl_spectrum_X0206_merged.fits,77.73764954735,-71.19283577189,5033.1812,5.3286,,
[PHS2008] RGB 522,xsl_spectrum_X0263_merged_scl.fits,77.84407550761,-71.12440041165,4495.2324,4.5291,,
[PHS2008] RGB 533,xsl_spectrum_X0238_merged.fits,78.30288388307,-71.30016208675,7021.1362,7.1159,,
SHV 0515313-694303,xsl_spectrum_X0517_merged.fits,78.78673934882,-69.66485542437,1382.2637,0.4321,,
SHV 0515313-694303,xsl_spectrum_X0517_merged.fits,78.78876373406,-69.66376224412,1778.6221,0.454,,
SHV 0515461-691822,xsl_spectrum_X0054_merged_ncl.fits,78.86207770727,-69.25205359014,13239.2061,100.6486,117.8743,1.875
SHV 0515461-691822,xsl_spectrum_X0054_merged_ncl.fits,78.86045624162,-69.25089636303,13150.2549,1.5637,,
SHV 0518161-683543,xsl_spectrum_X0530_merged.fits,79.51035117649,-68.54420747733,4594.3398,11.64,44.1865,3.707
SHV 0518161-683543,xsl_spectrum_X0530_merged.fits,79.51323735916,-68.54400020099,16459.959,1.0267,,
SHV 0518570-692207,xsl_spectrum_X0056_merged_ncl.fits,79.65259417574,-69.3180971411,11430.0283,116.9184,,
HD 34816,xsl_spectrum_X0303_merged_ncl_ncge.fits,79.8938568265,-13.17679073993,394.7439,8.7713,,
SHV 0520036-692817,xsl_spectrum_X0509_merged.fits,79.92373924208,-69.42138052227,3223.9658,0.5498,,
SHV 0520036-692817,xsl_spectrum_X0509_merged.fits,79.922520662,-69.42237533238,1163.8877,0.5273,0.5092,
SHV 0520261-693826,xsl_spectrum_X0524_merged.fits,80.01394204916,-69.59264773466,8896.8867,19.0443,,
SHV 0520261-693826,xsl_spectrum_X0524_merged.fits,80.01728022038,-69.59199033109,2691.7791,0.7874,,
SHV 0520342-693911,xsl_spectrum_X0592_merged.fits,80.04810786414,-69.6042615609,1530.2839,0.4159,,
SHV 0520427-693637,xsl_spectrum_X0534_merged_ncl.fits,80.08506041153,-69.56118610306,1720.5516,0.3973,,
SHV 0522380-691255,xsl_spectrum_X0059_merged_scl.fits,80.57596626818,-69.16859019553,10539.5459,0.9414,,
HD 35179,xsl_spectrum_X0570_merged.fits,80.58750554971,-14.39732982866,496.896,8.8449,9.476,2.795
SHV 0523371-713351,xsl_spectrum_X0510_merged.fits,80.72118480725,-71.51946429651,3415.7974,6.5861,6.8925,2.254
NGC 1904 160,xsl_spectrum_X0522_merged.fits,81.03914924201,-24.55837479806,6496.2158,29.5604,29.6071,4.195
NGC 1904 223,xsl_spectrum_X0523_merged.fits,81.07659051147,-24.53004887847,3979.7686,1.8483,,
SHV 0525478-690944,xsl_spectrum_X0061_merged_ncl.fits,81.36801713393,-69.12133842381,1733.3779,0.7988,0.6402,0.682
SHV 0526364-693639,xsl_spectrum_X0099_merged_scl.fits,81.55266269143,-69.57164957787,1903.4657,0.4352,,
SHV 0527072-701238,xsl_spectrum_X0544_merged.fits,81.65530544467,-70.16933437354,11676.0781,0.955,,
SHV 0527058-693746,xsl_spectrum_X0533_merged_ncl.fits,81.67782850447,-69.59062932269,1330.4685,0.4275,0.4083,
SHV 0527122-695006,xsl_spectrum_X0798_merged.fits,81.69445048607,-69.79487868502,8184.8608,33.3972,,
SHV 0528537-695119,xsl_spectrum_X0100_merged_ncl.fits,82.11866703639,-69.816901648,1810.4648,0.4462,,
SHV 0528537-695119,xsl_spectrum_X0100_merged_ncl.fits,82.11601027608,-69.81589008705,2054.0437,0.506,,
CL* NGC 1978 LE 09,xsl_spectrum_X0804_merged.fits,82.21145255056,-66.24558494909,9420.25,19.3191,,
CL* NGC 1978 LE 09,xsl_spectrum_X0805_merged_scl.fits,82.21145255056,-66.24558494909,9420.25,19.3191,,
CL* NGC 1978 LE 09,xsl_spectrum_X0806_merged_scl.fits,82.21145255056,-66.24558494909,9420.25,19.3191,,
[M2002] LMC 143035,xsl_spectrum_X0118_merged.fits,82.2645035968,-69.11283519874,10250.6914,171.1954,,
SHV 0529222-684846,xsl_spectrum_X0803_merged_ncl.fits,82.2708048967,-68.77505414444,1560.6182,0.4366,,
SHV 0529355-694037,xsl_spectrum_X0799_merged_ncl_ncge.fits,82.29577704776,-69.64023107448,3328.0684,5.5523,5.6369,1.13
SHV 0529355-694037,xsl_spectrum_X0799_merged_ncl_ncge.fits,82.29779085152,-69.64024656553,3389.4609,6.3618,24.2991,3.208
SHV 0529355-694037,xsl_spectrum_X0800_merged_ncl_ncge.fits,82.29577704776,-69.64023107448,3328.0684,5.5523,5.6369,1.13
SHV 0529355-694037,xsl_spectrum_X0800_merged_ncl_ncge.fits,82.29779085152,-69.64024656553,3389.4609,6.3618,24.2991,3.208
SHV 0529355-694037,xsl_spectrum_X0801_merged.fits,82.29577704776,-69.64023107448,3328.0684,5.5523,5.6369,1.13
SHV 0529355-694037,xsl_spectrum_X0801_merged.fits,82.29779085152,-69.64024656553,3389.4609,6.3618,24.2991,3.208
SHV 0529467-693825,xsl_spectrum_X0101_merged_ncl_ncge.fits,82.34074847721,-69.60339420345,2494.9773,0.5063,,
SHV 0530380-702618,xsl_spectrum_X0807_merged.fits,82.52421920386,-70.40192856908,4369.48,6.2436,,
SHV 0530380-702618,xsl_spectrum_X0808_merged_ncl.fits,82.52421920386,-70.40192856908,4369.48,6.2436,,
SHV 0531398-701050,xsl_spectrum_X0811_merged.fits,82.79565903992,-70.14577658148,1665.4099,0.4646,,
SHV 0531398-701050,xsl_spectrum_X0812_merged_ncl.fits,82.79565903992,-70.14577658148,1665.4099,0.4646,,
HD 37763,xsl_spectrum_X0298_merged_scl.fits,82.97277731226,-76.3397155761,33.3745,5.3924,4.9913,1.021
SHV 0533130-702409,xsl_spectrum_X0815_merged.fits,83.17028417649,-70.36874693353,5551.7764,31.1339,,
[M2002] LMC 157533,xsl_spectrum_X0825_merged.fits,83.37334349261,-67.52712904288,7909.8125,79.5691,74.176,6.601
[M2002] LMC 158646,xsl_spectrum_X0241_merged.fits,83.46742645414,-69.18709959984,13329.9736,263.3864,,
[M2002] LMC 159974,xsl_spectrum_X0797_merged.fits,83.58929886776,-69.36674505303,8577.9912,86.739,61.515,4.302
SHV 0534578-702532,xsl_spectrum_X0821_merged.fits,83.60557984718,-70.39400535518,4795.3042,12.4113,33.0244,3.898
SHV 0534578-702532,xsl_spectrum_X0821_merged.fits,83.60288100442,-70.39451765202,1660.8575,0.4053,,
SHV 0534578-702532,xsl_spectrum_X0821_merged.fits,83.60723043847,-70.39309662343,2097.7661,0.5345,,
SHV 0534578-702532,xsl_spectrum_X0822_merged_ncl.fits,83.60557984718,-70.39400535518,4795.3042,12.4113,33.0244,3.898
SHV 0534578-702532,xsl_spectrum_X0822_merged_ncl.fits,83.60288100442,-70.39451765202,1660.8575,0.4053,,
SHV 0534578-702532,xsl_spectrum_X0822_merged_ncl.fits,83.60723043847,-70.39309662343,2097.7661,0.5345,,
SHV 0534578-702532,xsl_spectrum_X0823_merged_ncl.fits,83.60557984718,-70.39400535518,4795.3042,12.4113,33.0244,3.898
SHV 0534578-702532,xsl_spectrum_X0823_merged_ncl.fits,83.60288100442,-70.39451765202,1660.8575,0.4053,,
SHV 0534578-702532,xsl_spectrum_X0823_merged_ncl.fits,83.60723043847,-70.39309662343,2097.7661,0.5345,,
SHV 0535237-700720,xsl_spectrum_X0818_merged.fits,83.72580886394,-70.09166090727,5176.7871,5.7074,,
SHV 0535237-700720,xsl_spectrum_X0819_merged_ncl_ncge.fits,83.72580886394,-70.09166090727,5176.7871,5.7074,,
SHV 0535237-700720,xsl_spectrum_X0820_merged_ncl.fits,83.72580886394,-70.09166090727,5176.7871,5.7074,,
[M2002] LMC 162635,xsl_spectrum_X0265_merged.fits,83.85221558324,-69.06760479492,5642.3447,97.2442,,
[M2002] LMC 168757,xsl_spectrum_X0266_merged.fits,84.40337105293,-69.4898643381,20237.2227,287.1415,,
[M2002] LMC 170452,xsl_spectrum_X0148_merged.fits,84.56669603068,-69.16978510557,13609.793,273.5813,,
SHV 0542111-683837,xsl_spectrum_X0809_merged.fits,85.47806921572,-68.6218764733,662.5505,1.527,,
SHV 0542111-683837,xsl_spectrum_X0810_merged_ncl.fits,85.47806921572,-68.6218764733,662.5505,1.527,,
HD 38145,xsl_spectrum_X0831_merged.fits,85.92595997463,4.00425105062,129.5727,2.1079,2.1274,1.629
HD 38237,xsl_spectrum_X0285_merged.fits,86.12739042453,4.3391528662,120.6359,2.0812,2.0986,1.874
SHV 0549503-704331,xsl_spectrum_X0037_merged.fits,87.30884969958,-70.71165923733,1549.766,0.4026,,
HD 39587,xsl_spectrum_X0317_merged_ncl_ncge.fits,88.59482419468,20.27585214802,8.4903,1.0253,1.0481,1.0
HD 39833,xsl_spectrum_X0832_merged.fits,88.75769483718,-0.508196091,39.8465,1.1083,1.104,0.966
HD 41667,xsl_spectrum_X0593_merged.fits,91.26523883622,-32.99377964735,581.0635,16.6238,14.4333,3.58
SHV 0606101-724012,xsl_spectrum_X0121_merged_ncl_ncge.fits,91.290753714,-72.67646556412,2122.2231,19.1775,,
HD 41661,xsl_spectrum_X0579_merged.fits,91.60171808262,-0.96340881548,143.7372,3.4066,3.3804,1.856
HD 41770,xsl_spectrum_X0580_merged.fits,91.80989904746,1.50819788963,181.2917,3.7383,4.556,2.264
HD 42143,xsl_spectrum_X0834_merged.fits,92.34710176698,6.27543939229,343.3568,4.0086,3.974,2.85
HD 42182,xsl_spectrum_X0520_merged.fits,92.39989537468,5.66911031569,30.166,0.8475,0.8467,
HD 42256,xsl_spectrum_X0581_merged.fits,92.45479921595,2.86918545621,136.8323,10.008,10.0343,2.801
HD 42597,xsl_spectrum_X0582_merged.fits,92.99469171258,7.39130816947,647.4121,6.0435,,
HD 42983,xsl_spectrum_X0583_merged.fits,93.47008982537,2.8076833714,62.5544,3.1022,3.0742,1.052
HD 43021,xsl_spectrum_X0535_merged.fits,93.54346291573,2.57461448384,166.1505,2.0029,2.0443,2.65
HD 43286,xsl_spectrum_X0539_merged.fits,93.87599385719,3.95817828949,331.6889,3.2042,3.0656,4.271
HD 44515,xsl_spectrum_X0584_merged.fits,95.6052900124,5.57603753961,298.3026,19.1877,19.5946,2.807
HD 44391,xsl_spectrum_X0563_merged.fits,95.69948283663,27.98665850687,926.4351,59.6071,77.3462,7.395
HD 44770,xsl_spectrum_X0564_merged.fits,95.94360717879,4.59587401003,39.8402,1.3616,1.3641,1.236
HD 45196,xsl_spectrum_X0358_merged.fits,96.49565262609,-1.81358973535,306.0011,3.8738,4.1563,2.26
HD 45282,xsl_spectrum_X0123_merged.fits,96.66990409068,3.42454608127,121.4809,3.3099,3.2838,1.655
HD 45507,xsl_spectrum_X0836_merged.fits,97.01202179426,5.92254574677,375.816,14.4833,14.1335,3.301
HD 46454,xsl_spectrum_X0826_merged.fits,98.44351218342,7.24003865849,540.6107,34.3867,34.0807,4.801
HD 48616,xsl_spectrum_X0837_merged.fits,101.1058423606,3.14157223509,1185.5042,61.1205,,
HD 49739,xsl_spectrum_X0838_merged.fits,102.55117440531,5.67349496951,88.0261,2.2917,2.2949,1.711
HD 50372,xsl_spectrum_X0839_merged.fits,103.24707254029,2.74348970602,617.2903,39.3959,40.1626,5.201
HD 50819,xsl_spectrum_X0851_merged.fits,103.74136066547,2.04282071384,531.3374,19.0932,21.4833,3.994
HD 54828,xsl_spectrum_X0536_merged.fits,107.68427798557,9.07597661054,271.7545,8.9541,8.5907,2.778
HD 55693,xsl_spectrum_X0585_merged.fits,108.26068324648,-24.22511757634,36.3879,1.24,1.2358,0.975
HD 56448,xsl_spectrum_X0586_merged.fits,109.25654437768,0.5416137842,345.5786,12.9469,11.1733,3.001
HD 57060,xsl_spectrum_X0116_merged_ncl_ncge.fits,109.66823156631,-24.55868316646,611.4067,11.8697,,
HD 57707,xsl_spectrum_X0565_merged.fits,110.6181710262,0.70061163762,72.0946,5.628,5.6205,1.263
HD 58051,xsl_spectrum_X0588_merged.fits,111.07666340354,7.91483807282,344.4974,24.0859,24.3938,2.605
HD 58554,xsl_spectrum_X0552_merged.fits,111.60612154261,8.3352475183,362.1219,17.1002,18.9253,3.301
HD 59295,xsl_spectrum_X0840_merged.fits,112.39763996713,7.8404840459,327.282,19.1598,20.5513,3.701
BD+24 1676,xsl_spectrum_X0868_merged.fits,112.67273321691,24.0851439196,249.69,1.3564,1.3585,1.267
HD 59984,xsl_spectrum_X0842_merged.fits,113.02359835147,-8.88207221062,28.6291,1.6973,1.695,1.123
HD 60319,xsl_spectrum_X0846_merged.fits,113.64631277219,16.89980415498,90.1322,1.2772,1.2765,1.123
HD 61064,xsl_spectrum_X0310_merged.fits,114.31924461091,-4.11090608301,61.4319,4.1741,4.3054,2.062
HD 61064,xsl_spectrum_X0326_merged.fits,114.31924461091,-4.11090608301,61.4319,4.1741,4.3054,2.062
BD-01 1792,xsl_spectrum_X0843_merged.fits,114.95962892203,-1.52341316337,181.7071,3.2856,3.2896,1.597
BD-01 1792,xsl_spectrum_X0853_merged.fits,114.95962892203,-1.52341316337,181.7071,3.2856,3.2896,1.597
CD-31 4916,xsl_spectrum_X0127_merged.fits,115.26094347573,-31.68306782591,5194.2632,895.9718,,
HD 62968,xsl_spectrum_X0855_merged.fits,116.64725628788,4.13059807889,390.7334,13.7079,14.3357,3.401
[ABC89] Pup17,xsl_spectrum_X0862_merged_ncl.fits,117.38536093551,-27.39343908262,2873.7273,72.0832,,
HD 64630,xsl_spectrum_X0847_merged.fits,118.78299034342,6.995891064,205.116,2.6651,2.6749,1.943
HD 66776,xsl_spectrum_X0567_merged.fits,121.35238489046,8.19956571214,311.7896,11.0548,10.7365,3.003
R Cha,xsl_spectrum_X0338_merged_ncl_ncge.fits,125.44326912835,-76.35501915509,1111.0819,588.4584,,
HD 71310,xsl_spectrum_X0856_merged.fits,126.75003894388,7.22111633227,206.5252,3.3651,3.4758,2.963
HD 71310,xsl_spectrum_X0857_merged.fits,126.75003894388,7.22111633227,206.5252,3.3651,3.4758,2.963
HD 72968,xsl_spectrum_X0327_merged.fits,128.86739963498,-7.98222568658,107.531,2.7607,2.5896,2.591
HD 74088,xsl_spectrum_X0309_merged_scl.fits,129.61616095718,-62.84322301782,351.0093,52.608,50.0122,5.405
HD 73665,xsl_spectrum_X0871_merged.fits,130.02657421634,20.00773407256,181.9591,12.9878,13.0672,3.201
HD 75318,xsl_spectrum_X0873_merged.fits,132.33713401921,3.68402812153,32.0475,0.9639,0.9506,0.841
HD 76780,xsl_spectrum_X0875_merged.fits,134.73184297897,21.16608719545,37.5464,1.0785,1.075,0.933
HD 76780,xsl_spectrum_X0877_merged.fits,134.73184297897,21.16608719545,37.5464,1.0785,1.075,0.933
HD 78737,xsl_spectrum_X0573_merged.fits,137.26438514368,-27.03041787638,125.2069,1.5533,1.5557,1.287
HD 82734,xsl_spectrum_X0339_merged_scl.fits,143.30181861753,-21.1156550453,108.0446,15.0436,15.8515,3.401
HD 83212,xsl_spectrum_X0347_merged.fits,144.08305173184,-20.88751520327,730.809,25.3891,26.7927,4.786
CM Car,xsl_spectrum_X0149_merged.fits,146.98151030679,-67.45191580191,1377.8279,261.2284,,
HD 85380,xsl_spectrum_X0865_merged.fits,147.83949743611,-6.18168331475,42.861,1.9013,1.8882,1.209
IRAS 10019-6156,xsl_spectrum_X0576_merged_ncl.fits,150.86990218362,-62.17699567379,3900.3777,144.5893,,
HD 88737,xsl_spectrum_X0569_merged.fits,153.62327981973,21.16771320702,54.0081,2.828,2.8489,1.563
BS 4104,xsl_spectrum_X0343_merged_scl.fits,156.78749738188,-31.06773559254,123.9316,46.6639,40.0288,4.801
BD+30 2034,xsl_spectrum_X0883_merged.fits,158.31208360905,29.61523162997,1981.1014,32.2684,43.541,4.999
CPD-5703502,xsl_spectrum_X0344_merged_ncl_ncge.fits,158.93226667662,-58.24499528781,1720.818,346.8842,,
HD 96446,xsl_spectrum_X0085_merged_ncl_ncge.fits,166.5241673454,-59.94986468111,487.9861,4.4251,4.3529,
HD 96446,xsl_spectrum_X0133_merged.fits,166.5241673454,-59.94986468111,487.9861,4.4251,4.3529,
U Crt,xsl_spectrum_X0134_merged.fits,168.18873385863,-7.29849913285,1194.1904,132.4861,,
HD 99109,xsl_spectrum_X0595_merged.fits,171.07153278533,-1.52978314454,54.8126,0.9823,0.985,0.853
HD 99329,xsl_spectrum_X0596_merged.fits,171.45822838263,3.85993477703,61.4735,2.0709,2.0843,1.588
BD+04 2466,xsl_spectrum_X0602_merged.fits,171.70485469346,3.86407433372,1269.6199,11.8377,12.2321,3.101
BS 4432,xsl_spectrum_X0333_merged_scl.fits,172.57880932683,-3.00357147402,147.5761,48.3132,47.7029,5.201
HD 101712,xsl_spectrum_X0132_merged_ncl_ncge.fits,175.45579619779,-63.41456610636,1681.5394,400.1927,,
HD 101712,xsl_spectrum_X0150_merged_ncl_ncge.fits,175.45579619779,-63.41456610636,1681.5394,400.1927,,
HE 1142-1422,xsl_spectrum_X0623_merged.fits,176.24677587695,-14.64712335966,3667.5566,2.7875,2.9202,3.731
HD 102634,xsl_spectrum_X0898_merged.fits,177.25441705369,-0.31865798337,33.6118,1.5383,1.5333,1.239
V354 Cen,xsl_spectrum_X0888_merged.fits,177.93061152194,-47.93666802088,4911.1489,115.1548,108.0434,6.202
HD 103877,xsl_spectrum_X0879_merged.fits,179.42625511532,17.46784409924,108.5312,3.109,3.0049,1.85
HD 104307,xsl_spectrum_X0612_merged.fits,180.17587959733,-21.837544037,218.1429,22.7158,19.926,3.801
HE 1201-1512,xsl_spectrum_X0622_merged.fits,180.90430913052,-15.49287389782,429.3689,0.6876,,
HE 1204-0744,xsl_spectrum_X0624_merged.fits,181.69252414453,-8.01241270861,1786.4723,1.2725,1.29,1.339
HE 1207-3108,xsl_spectrum_X0630_merged.fits,182.47483490078,-31.41970348365,1135.9784,4.5127,4.4459,1.979
NGC 4147 230,xsl_spectrum_X0601_merged.fits,182.51687604074,18.54809818817,5011.3228,10.2618,10.4527,2.692
CD-28 9374,xsl_spectrum_X0604_merged.fits,183.62379836552,-29.59932849845,248.1553,2.8862,2.9369,1.44
HD 108915,xsl_spectrum_X0890_merged.fits,187.70375684868,12.48666799618,175.6469,4.3973,4.7671,1.691
HD 109443,xsl_spectrum_X0899_merged.fits,188.6935278029,-23.47560954907,138.4633,1.378,1.5066,1.366
HD 109871,xsl_spectrum_X0907_merged.fits,189.55422622384,1.97988851011,643.1629,41.09,37.0437,4.901
V Crv,xsl_spectrum_X0905_merged.fits,190.13460621487,-17.64757190255,5313.1699,462.2444,,
HD 112374,xsl_spectrum_X0893_merged.fits,194.12560314194,-26.46038652394,1365.855,70.1162,,
HD 113002,xsl_spectrum_X0375_merged.fits,195.11905726978,19.63187396409,374.7502,8.401,8.7218,2.601
HD 116114,xsl_spectrum_X0371_merged.fits,200.44270040206,-18.74216548652,154.9533,3.348,2.968,2.042
G063-026,xsl_spectrum_X0359_merged.fits,201.12705045789,20.4552343891,333.4674,1.0129,1.0562,1.181
NGC 5139 1627,xsl_spectrum_X0351_merged.fits,201.48851839074,-47.67342064775,3303.9226,11.6423,16.3526,3.301
NGC 5139 1627,xsl_spectrum_X0610_merged.fits,201.48851839074,-47.67342064775,3303.9226,11.6423,16.3526,3.301
HD 116745,xsl_spectrum_X0350_merged.fits,201.6096370904,-47.27429354794,10312.1006,58.8529,,
HD 116745,xsl_spectrum_X0619_merged.fits,201.6096370904,-47.27429354794,10312.1006,58.8529,,
NGC 5139 3812,xsl_spectrum_X0348_merged.fits,201.85990501474,-47.488081686,6690.2349,79.3755,,
NGC 5139 3812,xsl_spectrum_X0615_merged.fits,201.85990501474,-47.488081686,6690.2349,79.3755,,
HD 118100,xsl_spectrum_X0625_merged.fits,203.6787390867,-8.34244581418,20.4863,0.6712,0.6688,0.675
HE 1346-0427,xsl_spectrum_X0631_merged.fits,207.35399212296,-4.70402657184,708.0334,0.8475,0.8538,
[ABC89] Cir18,xsl_spectrum_X0353_merged_ncge.fits,208.85866338654,-59.37284905644,570.5184,0.5421,0.7311,0.69
[ABC89] Cir18,xsl_spectrum_X0605_merged_ncge.fits,208.85866338654,-59.37284905644,570.5184,0.5421,0.7311,0.69
[ABC89] Cir18,xsl_spectrum_X0606_merged_ncge.fits,208.85866338654,-59.37284905644,570.5184,0.5421,0.7311,0.69
[ABC89] Cir18,xsl_spectrum_X0635_merged_ncge.fits,208.85866338654,-59.37284905644,570.5184,0.5421,0.7311,0.69
BD+09 2860,xsl_spectrum_X0361_merged.fits,213.33231597533,8.61092120021,1409.4395,9.9756,10.6879,3.269
HD 126661,xsl_spectrum_X0617_merged.fits,216.61369185506,19.2270178885,97.5549,4.1865,4.1113,2.348
HE 1428-1950,xsl_spectrum_X0637_merged_ncge.fits,217.74747945702,-20.06170165431,2402.1716,17.1285,18.1392,3.301
CD-26 10417,xsl_spectrum_X0650_merged.fits,219.94607036245,-26.69821767432,42.6093,0.8224,0.8228,
HD 130322,xsl_spectrum_X0384_merged.fits,221.88577938789,-0.28209770309,31.8856,0.8874,0.8809,0.865
HD 138290,xsl_spectrum_X0410_merged.fits,232.73110868757,8.57907848445,51.2028,1.6261,1.6363,1.408
HD 138776,xsl_spectrum_X0685_merged.fits,233.57007119435,-2.72471776564,76.0332,1.3676,1.3657,0.931
HD 138776,xsl_spectrum_X0686_merged.fits,233.57007119435,-2.72471776564,76.0332,1.3676,1.3657,0.931
X Lib,xsl_spectrum_X0689_merged.fits,234.05292725999,-21.151131545,6492.1372,346.0211,,
X Lib,xsl_spectrum_X0690_merged.fits,234.05292725999,-21.151131545,6492.1372,346.0211,,
HD 140232,xsl_spectrum_X0633_merged.fits,235.47769686502,18.46427791957,53.9883,1.8134,1.7929,1.719
HD 139717,xsl_spectrum_X0632_merged.fits,235.58714333319,-55.31194067495,1377.9988,79.6454,,
HD 142575,xsl_spectrum_X0636_merged.fits,238.76055627983,5.07017742035,144.4174,1.9648,1.9385,1.462
HD 142703,xsl_spectrum_X0691_merged.fits,239.139381798,-14.82959052816,50.0381,1.7272,1.7324,1.567
HD 144172,xsl_spectrum_X0455_merged.fits,241.12331551077,0.67186224695,50.4956,1.7403,1.7344,1.317
BD-11 4126,xsl_spectrum_X0356_merged.fits,245.86142164442,-11.59513506183,55.8223,0.7483,0.7553,0.745
CL* NGC 6121 LEE 2303,xsl_spectrum_X0640_merged.fits,245.88304957864,-26.40514781286,1555.7561,4.215,4.4071,1.944
CL* NGC 6121 LEE 4613,xsl_spectrum_X0909_merged.fits,245.91356824502,-26.55178575906,1481.1027,60.206,78.9716,6.175
CD-69 1618,xsl_spectrum_X0357_merged.fits,258.13710446186,-70.08574083642,2167.0459,5.7341,4.9393,7.438
RR Ara,xsl_spectrum_X0396_merged_ncl.fits,261.96651334065,-49.90430320153,2311.4319,112.5494,,
RR Ara,xsl_spectrum_X0397_merged.fits,261.96651334065,-49.90430320153,2311.4319,112.5494,,
FR Her,xsl_spectrum_X0638_merged.fits,264.27482432321,18.21798762968,18406.8242,700.0607,129.7984,1.923
NGC 6397 211,xsl_spectrum_X0643_merged.fits,265.35694928059,-53.62732002437,1802.5004,46.2363,59.2148,7.193
HD 161149,xsl_spectrum_X0488_merged.fits,265.84177037578,14.29529695633,109.6617,4.4528,4.4734,2.213
HD 161370,xsl_spectrum_X0465_merged.fits,266.25367766578,5.52286161922,326.1522,2.4534,2.4461,1.979
HD 161817,xsl_spectrum_X0639_merged.fits,266.66910337524,25.74895536267,194.6744,3.5716,3.5215,3.044
HD 161770,xsl_spectrum_X0143_merged.fits,266.94132845596,-9.60604930782,126.6642,1.6955,1.7065,1.281
OGLEII DIA BUL-SC15 1379,xsl_spectrum_X0158_merged_ncl_ncge.fits,267.10324961373,-23.25991584537,1531.442,8.4847,10.2536,2.504
OGLEII DIA BUL-SC15 2106,xsl_spectrum_X0159_merged_ncl_ncge.fits,267.1264293222,-23.08985850948,3127.2527,127.0067,,
OGLEII DIA BUL-SC15 2106,xsl_spectrum_X0159_merged_ncl_ncge.fits,267.12505190287,-23.08932963439,915.7255,0.8008,,
V348 Sco,xsl_spectrum_X0647_merged.fits,267.87471355075,-43.27316760193,3985.7002,305.2469,,
HD 162652,xsl_spectrum_X0466_merged_scl.fits,268.02163482549,1.11111683169,139.5714,11.098,11.1538,2.901
OGLEII DIA BUL-SC41 3443,xsl_spectrum_X0145_merged_ncge.fits,268.05787519483,-32.7761290196,6560.7095,481.14,,
OGLEII DIA BUL-SC41 3443,xsl_spectrum_X0145_merged_ncge.fits,268.05928981265,-32.77600068601,1099.9611,0.8841,0.8843,0.725
OGLEII DIA BUL-SC03 3941,xsl_spectrum_X0160_merged.fits,268.38567973371,-29.95364622526,2706.4231,118.061,115.9885,1.871
OGLEII DIA BUL-SC24 0989,xsl_spectrum_X0147_merged_ncl_ncge.fits,268.41356323481,-33.10186816339,1111.1057,1.6967,1.7063,
2MASS J17535707-2931427,xsl_spectrum_X0247_merged.fits,268.48779182995,-29.52857606952,2896.6909,21.7816,17.7284,4.079
OGLEII DIA BUL-SC04 4628,xsl_spectrum_X0250_merged_ncl_ncge.fits,268.64040663339,-29.73384383667,1119.197,2.0862,2.4106,1.923
OGLEII DIA BUL-SC04 1709,xsl_spectrum_X0252_merged_ncl_ncge.fits,268.7044206785,-30.0086314633,4261.6626,133.7056,,
OGLEII DIA BUL-SC22 1319,xsl_spectrum_X0253_merged.fits,269.29244721268,-31.03799216563,3466.5117,74.0034,55.9868,
OGLEII DIA BUL-SC22 1319,xsl_spectrum_X0253_merged.fits,269.29357502026,-31.03826383289,789.095,1.1713,,
OGLEII DIA BUL-SC22 1319,xsl_spectrum_X0253_merged.fits,269.29114900199,-31.03738251582,7288.8735,22.6255,18.5127,3.108
OGLEII DIA BUL-SC22 1319,xsl_spectrum_X0253_merged.fits,269.29255331169,-31.03933147731,907.947,0.5378,0.543,0.617
HD 163810,xsl_spectrum_X0282_merged.fits,269.65976286205,-13.09762709026,956.8267,1.166,1.18,
TLE Sgr I 55,xsl_spectrum_X0226_merged_ncl_ncge.fits,269.87348396873,-29.05573058605,4817.3467,203.2015,,
OGLEII DIA BUL-SC30 0707,xsl_spectrum_X0230_merged_ncl.fits,270.44222282168,-29.18842886416,7321.6709,424.5103,,
OGLEII DIA BUL-SC30 0707,xsl_spectrum_X0230_merged_ncl.fits,270.44273567821,-29.18778110257,1990.5587,4.7905,4.7058,1.101
OGLEII DIA BUL-SC01 0235,xsl_spectrum_X0231_merged_ncl.fits,270.55263901379,-30.37641978042,8295.7773,403.2177,,
OGLEII DIA BUL-SC01 1821,xsl_spectrum_X0254_merged.fits,270.55311452291,-30.03677943353,3237.8699,60.3307,149.597,7.207
HD 164967,xsl_spectrum_X0468_merged.fits,270.83771488204,8.41940930849,280.2766,4.1992,2.6912,2.559
CL* NGC 6522 ARP 4126,xsl_spectrum_X0405_merged.fits,270.86526545667,-30.01573989433,2671.2683,8.5365,11.3129,3.002
CL* NGC 6522 Arp 4329,xsl_spectrum_X0170_merged.fits,270.86848343804,-29.97825969392,2815.5408,9.644,9.8462,2.902
CL* NGC 6522 ARP 3190,xsl_spectrum_X0403_merged.fits,270.89057825433,-30.06595186675,4064.4331,27.8609,27.6229,4.201
2MASS J18033716-2954227,xsl_spectrum_X0152_merged.fits,270.90483261694,-29.90633295069,4455.3828,10.102,9.8143,2.306
CL* NGC 6522 ARP 1021,xsl_spectrum_X0400_merged.fits,270.91500628123,-29.97328803282,11016.6338,29.0199,10.4863,2.603
CL* NGC 6522 ARP 1021,xsl_spectrum_X0401_merged.fits,270.91500628123,-29.97328803282,11016.6338,29.0199,10.4863,2.603
BMB 245,xsl_spectrum_X0153_merged.fits,271.02796302251,-30.17973617613,642.3887,0.4569,0.4575,
2MASS J18041187-3006214,xsl_spectrum_X0431_merged_ncl_ncge.fits,271.04947623106,-30.10594763301,1669.9884,4.5046,4.2578,1.062
2MASS J18041187-3006214,xsl_spectrum_X0431_merged_ncl_ncge.fits,271.05091631185,-30.10657694246,535.9995,0.7627,0.752,0.739
BMB 286,xsl_spectrum_X0154_merged.fits,271.0935365269,-30.01485630701,4983.0825,92.7887,94.8299,1.927
BMB 286,xsl_spectrum_X0154_merged.fits,271.09337297253,-30.01615850924,909.1002,0.908,,
BMB 289,xsl_spectrum_X0155_merged_ncl_ncge.fits,271.09438698404,-29.91441929124,1535.7197,139.1352,140.6497,6.217
